0, 0, 0
1, 123.122488974119, 23
2, 201.36217848658117, 62
3, 481.663043915942, 95
4, 446.0069334814145, 128
5, 343.78103882491797, 131
6, 460.50474783653334, 181
7, 904.1925335630531, 237
8, 965.4136189782406, 294
9, 978.4920017344753, 260
10, 726.3479217572731, 310
11, 1027.0607961952899, 319
12, 1207.7493886784912, 326
13, 784.8292795128282, 316
14, 1539.3259220472642, 450
15, 2021.1969358691983, 532
16, 1868.5318243892614, 604
17, 1350.4316979952782, 429
18, 1883.660241722103, 465
19, 2320.3777562555692, 610
20, 2813.2630238576517, 726
21, 1637.0917215546388, 497
22, 3229.1288729421526, 696
23, 2784.896194150928, 703
24, 3049.6746165686955, 606
25, 2939.6359721166173, 807
26, 3115.437739837377, 787
27, 2428.113950123303, 845
28, 3600.608179260669, 921
29, 3507.367397863974, 989
30, 4398.798388774624, 1014
31, 4383.399454246534, 886
32, 4352.457932884828, 1102
33, 5007.902206826794, 1176
34, 5576.637992723665, 1037
35, 5331.085090552059, 1055
36, 3699.9843045492407, 950
37, 5137.310168575397, 1164
38, 4632.423909192663, 1195
39, 5752.66684868948, 1241
40, 5128.470734149071, 1209
41, 5773.294992813586, 1346
42, 6810.324672532312, 1278
43, 5780.716944176229, 1411
44, 6457.625307983531, 1343
45, 6647.77251486128, 1609
46, 5879.169051279488, 1305
47, 7737.697891261385, 1714
48, 5983.086631754402, 1602
49, 7275.688329218571, 1515
50, 7393.722519397008, 1647
51, 7899.246118953534, 1700
52, 5726.4297912213815, 1469
53, 6841.01254696825, 1511
54, 7988.3521499710505, 1699
55, 7351.549346915469, 1626
56, 9044.48991219366, 1879
57, 6950.2627296712935, 1688
58, 8275.14473074869, 1712
59, 7549.667406209007, 1866
60, 8954.294795996058, 1994
61, 8667.815685734193, 1924
62, 9635.203815989724, 1820
63, 9403.428180002778, 2024
64, 8108.067675677694, 1785
65, 9087.656137988377, 2055
66, 9894.365155033234, 2137
67, 10295.522180855027, 2172
68, 9241.864453883261, 2057
69, 9260.005869148446, 2064
70, 9237.84423316457, 1964
71, 10405.40758271999, 2312
72, 7504.797594069286, 1766
73, 10110.347083491899, 2275
74, 12494.496502626898, 2216
75, 10184.479047356172, 2207
76, 8750.24675387367, 2146
77, 8940.030654013985, 2316
78, 10858.541551381091, 2453
79, 10980.409760765064, 2353
80, 10128.743740244301, 2343
81, 11120.233822348811, 2445
82, 11163.407452111338, 2466
83, 12519.74982852671, 2673
84, 10099.426059175337, 2478
85, 12708.645134430977, 2715
86, 10967.898975061968, 2616
87, 12176.351510260549, 2569
88, 12541.207271744539, 2721
89, 12922.581245804913, 2821
90, 13607.075798991225, 2876
91, 11876.689555010365, 2655
92, 12644.760258329237, 2833
93, 12284.722995957363, 2867
94, 14361.127740023636, 2971
95, 12478.159845191365, 2917
96, 13805.7903288051, 2908
97, 15122.432515288941, 3050
98, 13254.014013767684, 2960
99, 15138.731415162607, 3132
100, 15647.891274328402, 3298
101, 14789.572132299149, 3272
102, 12725.06812970085, 2906
103, 16043.907260540262, 3454
104, 16601.773438668166, 3420
105, 16046.550236977819, 3216
106, 17285.087971085755, 3114
107, 14198.105659812687, 3042
108, 16719.13598117378, 3480
109, 14286.856950348112, 3276
110, 16126.534344804622, 3373
111, 15663.939465408612, 3365
112, 15926.226376933817, 3505
113, 17400.777801758773, 3633
114, 15128.338776847308, 3327
115, 16156.635134737822, 3787
116, 15480.381141905671, 3605
117, 14245.369342588603, 3341
118, 15869.633827601085, 3441
119, 15916.980876399408, 3394
120, 18527.351957203886, 3849
121, 18760.642873447116, 3730
122, 19068.320785475946, 3989
123, 18322.20176411098, 3909
124, 15894.9921788603, 3436
125, 17426.523785788602, 3897
126, 19794.947302005916, 4029
127, 19837.089075363598, 4078
128, 19401.557498434737, 3945
129, 18118.446458035192, 3729
130, 19399.620617977675, 4115
131, 19791.187440044814, 4068
132, 20209.49858003941, 4251
133, 19899.532066039752, 4259
134, 18519.50826549278, 3896
135, 21076.66560465216, 4431
136, 18396.037807618464, 3952
137, 19644.33595388251, 4254
138, 19183.86791581565, 4176
139, 18584.88381817267, 4006
140, 22669.10034576616, 4408
141, 20112.003904889396, 4470
142, 20899.782612154828, 4367
143, 20516.716861759185, 4533
144, 22094.880154438077, 4675
145, 21410.311680043946, 4705
146, 21660.7726482427, 4711
147, 22573.533581348693, 4523
148, 20678.438988504, 4451
149, 22516.164715732724, 4468
150, 21863.44041711678, 4750
151, 23563.697009923504, 4793
152, 21436.46656309793, 4826
153, 21416.430883661447, 4517
154, 24467.413717318002, 4918
155, 27308.74586926453, 5248
156, 22701.696394845225, 4453
157, 22763.37447420084, 4721
158, 23459.499420854325, 4948
159, 21911.44053335449, 4870
160, 22651.946476844918, 4870
161, 25874.32410375974, 5285
162, 25974.59645351312, 5371
163, 25422.07853650663, 5380
164, 21354.11687825092, 4678
165, 26449.664809653106, 5474
166, 25203.21744912623, 5279
167, 23935.88726920874, 5110
168, 25611.377884780457, 5320
169, 25178.881798994633, 5223
170, 27247.71297492064, 5338
171, 27543.211206852935, 5595
172, 22079.55949389078, 4946
173, 26755.063252023123, 5287
174, 27534.664813271433, 5402
175, 28811.13615605867, 5429
176, 25162.628140061905, 5309
177, 23550.631991691494, 5197
178, 25513.836564965364, 5309
179, 27672.68350519591, 5835
180, 30613.60055763866, 5838
181, 26793.957730732916, 5401
182, 24521.197090025245, 5408
183, 27266.02199590084, 5793
184, 23608.21955710891, 5480
185, 29576.549936455023, 5708
186, 25253.807473258716, 5394
187, 26870.007573090938, 5607
188, 27775.834647359457, 5580
189, 27663.959833138968, 5982
190, 29632.824089740036, 6017
191, 26827.56897414053, 5718
192, 29644.06580191473, 5988
193, 29001.405167412566, 5625
194, 27729.099833260734, 6053
195, 31059.13066440894, 6425
196, 27730.479706993156, 5603
197, 30516.964660742637, 6405
198, 30885.10677665954, 6209
199, 28586.338631211744, 5912
200, 28301.769896898106, 5837
201, 29404.333900409067, 5972
202, 26790.919753074028, 5871
203, 31050.926134180456, 6186
204, 30496.918622843103, 6191
205, 28882.190059339347, 6217
206, 27960.905994780154, 5794
207, 29751.010433488518, 6079
208, 26664.494164778956, 5881
209, 27573.186126496803, 6038
210, 33459.391337768255, 6821
211, 31810.07945908577, 6388
212, 30335.40820953576, 6491
213, 29873.019738704977, 6557
214, 33074.6457050416, 7180
215, 33551.2292973414, 6633
216, 32629.34183231094, 6804
217, 29138.955568031553, 6478
218, 32199.214606440943, 6325
219, 32974.43797139462, 6713
220, 34542.4670800293, 7416
221, 34088.13442610151, 7291
222, 33183.45990644426, 7122
223, 34223.47402623894, 7397
224, 33967.29035635581, 7042
225, 33242.057792330335, 7106
226, 36707.79994184615, 7176
227, 30215.582716265202, 6794
228, 34196.93833852829, 7095
229, 34877.22325669578, 7323
230, 32172.026588417237, 7039
231, 31614.225623608843, 6904
232, 30187.082470736455, 6819
233, 35041.70679328434, 7593
234, 36205.71824392396, 7526
235, 32773.157506857155, 7121
236, 32663.336107291474, 7234
237, 30978.098967811642, 7007
238, 34920.807377313075, 7303
239, 38352.98354104385, 7913
240, 33382.83458779235, 7356
241, 32263.82824647763, 7432
242, 36373.76186598293, 7734
243, 38220.609006393315, 7949
244, 32907.48811623688, 7437
245, 33837.87229461337, 7194
246, 34110.84531654751, 7477
247, 35066.90228231075, 8023
248, 31296.598542988566, 7063
249, 31681.02807415849, 7297
250, 32822.594526083965, 7509
251, 33516.28799044495, 7450
252, 37314.26972975633, 8347
253, 34327.41225245225, 7697
254, 35285.347226383434, 7808
255, 38193.03630065188, 8152
256, 37381.880349194165, 8051
257, 35830.6217404024, 8523
258, 38136.75112109328, 7977
259, 36945.46459395023, 8255
260, 34505.421144238804, 8077
261, 34347.13282552076, 7740
262, 31503.495479908725, 7670
263, 35124.015552094344, 8023
264, 34940.07377481906, 8214
265, 38612.6178892045, 8436
266, 32431.03211777234, 7823
267, 38256.64496275894, 8398
268, 34896.47678094283, 8365
269, 36992.46724371342, 8422
270, 33963.54821298249, 8239
271, 34910.25756169937, 8283
272, 38065.48705554275, 8661
273, 39657.065894175066, 8704
274, 38528.34907333727, 8706
275, 35164.163171170185, 8178
276, 37774.46641581612, 8538
277, 37899.13612297821, 8789
278, 33193.77128987057, 8239
279, 36520.950395836575, 8424
280, 38624.7191472845, 8976
281, 41389.50695492174, 9104
282, 36480.237666755995, 8227
283, 46194.443774486135, 9635
284, 39232.478582551834, 8589
285, 40540.95654946552, 9292
286, 39585.782665877465, 8906
287, 38070.91610271572, 8831
288, 38388.336939736524, 9039
289, 34082.376234901116, 8593
290, 38613.11082469285, 8674
291, 39021.651733256644, 8824
292, 40490.68507073505, 9229
293, 40359.165188816, 9454
294, 40333.87544386439, 9177
295, 37995.238130669524, 9045
296, 39281.86818576966, 9073
297, 37661.773635343474, 9482
298, 43120.75023426812, 9649
299, 43786.462159435665, 9696
300, 37775.781016223154, 8924
301, 40636.71590851506, 9778
302, 40559.84639620113, 9474
303, 37251.67314609213, 9385
304, 39657.04373206886, 9218
305, 40508.76825724501, 9418
306, 38964.77345180294, 9521
307, 41511.57982030033, 9466
308, 41204.208593509684, 9632
309, 40044.387232610876, 9414
310, 42963.38711662716, 9861
311, 43355.14102835795, 9417
312, 47377.59157982339, 10471
313, 39323.43707398023, 9294
314, 43195.86179736019, 9982
315, 40508.54274822239, 9667
316, 37694.79112358188, 9161
317, 41339.02001486106, 9789
318, 39409.89077978873, 9357
319, 41212.100912400725, 9818
320, 41235.924103661244, 9820
321, 44243.57000451501, 10119
322, 40338.21394543905, 9596
323, 42607.718522556104, 10332
324, 41870.95847334084, 10090
325, 40682.19190898583, 10103
326, 44113.310406469805, 10243
327, 40940.5847644064, 9982
328, 41866.058278942626, 10192
329, 42435.13207715246, 9989
330, 43516.582074564205, 10101
331, 42314.40146803037, 10222
332, 43644.73655758782, 10334
333, 43920.20444819637, 10627
334, 42331.69672497108, 9892
335, 40370.11913116412, 9770
336, 43841.12613000836, 10228
337, 51579.00932981814, 11328
338, 45489.020880935226, 10793
339, 50525.776538663136, 11395
340, 40616.52965876229, 10121
341, 44070.56330349767, 10296
342, 45217.63121452425, 10762
343, 44290.95760135708, 10264
344, 43520.783971734316, 10336
345, 41805.527430914706, 10735
346, 46549.023795298286, 10597
347, 40561.69736045026, 10355
348, 43500.08037271191, 10873
349, 45806.74996408601, 10681
350, 42092.14712922781, 10552
351, 44363.129298876505, 10865
352, 48071.555008071206, 11716
353, 43294.01077690545, 10805
354, 45809.73929455742, 11118
355, 44012.07073883362, 11051
356, 43691.400027308286, 10852
357, 44031.778769594224, 10813
358, 42859.236429583856, 10725
359, 51388.416571924, 11552
360, 48677.02233347746, 11418
361, 51221.50323264441, 11459
362, 44944.271493361324, 10963
363, 41043.86984382551, 10745
364, 47075.6218970889, 11366
365, 48617.31308663084, 11609
366, 42358.65630092422, 10648
367, 48721.410599853836, 11783
368, 42697.745322598, 10759
369, 47743.056961468006, 11270
370, 48340.99466458245, 11586
371, 50473.03496920113, 11978
372, 45697.944404361086, 11235
373, 48525.37278341236, 11396
374, 44383.2807633817, 10749
375, 46134.5336563013, 11245
376, 49317.71821786271, 11676
377, 47055.55365986705, 11586
378, 47215.48227535148, 11458
379, 52035.1300389411, 12338
380, 50396.66100521843, 11906
381, 46056.94561922654, 11309
382, 49400.08001456072, 12132
383, 45592.92427601957, 11714
384, 47865.804497122575, 11428
385, 48546.69181308424, 11690
386, 52451.032010561044, 12335
387, 47179.73958700658, 11517
388, 49494.55057696041, 12192
389, 50422.706789305186, 12509
390, 47263.21845085619, 11691
391, 46774.22381934092, 11764
392, 48109.57392542212, 12031
393, 47371.9396179396, 12077
394, 49215.71388881516, 12664
395, 53244.66991982276, 12263
396, 53715.77300412414, 12362
397, 47282.954350124346, 12105
398, 49041.40288491807, 12391
399, 48033.79858585042, 12378
400, 47176.52546678362, 11895
401, 49120.896044778965, 12493
402, 52714.89736163057, 13003
403, 51022.695068315494, 12984
404, 44424.32975930689, 12026
405, 47462.21091326707, 12418
406, 49192.44886032116, 12216
407, 48807.35642345685, 12456
408, 51734.32777256281, 12638
409, 54551.67185465399, 12974
410, 49761.27810378496, 12647
411, 52332.354676635994, 12950
412, 44510.68308584955, 12076
413, 53290.879960558435, 12740
414, 47998.14329338093, 12511
415, 52360.7266445696, 13141
416, 50278.225388288076, 12586
417, 46452.40797028925, 12359
418, 51827.11945470909, 12481
419, 49431.32189198505, 12470
420, 51708.46132121765, 12730
421, 55165.7126389386, 13166
422, 56438.27730070261, 13591
423, 50478.851025338605, 12644
424, 54066.663358404985, 13226
425, 52492.35578860402, 12807
426, 57568.571523551545, 13552
427, 55781.21978859182, 13204
428, 52220.41497747136, 13044
429, 48514.071947902514, 12800
430, 52089.469008902895, 12982
431, 54554.7779310333, 13346
432, 50836.94420719726, 12760
433, 45448.55081503121, 12588
434, 56298.05844555463, 13827
435, 52955.8172728419, 13418
436, 52712.76902270765, 13349
437, 52978.08281886711, 13180
438, 53628.77070778558, 13808
439, 57159.3931212951, 13976
440, 51231.37901829876, 13372
441, 55083.837766175595, 14111
442, 57190.35966158379, 14014
443, 53200.44629079713, 13343
444, 56216.34878328798, 13578
445, 57961.62532349478, 14233
446, 51871.59486970884, 13602
447, 57462.64943063909, 14309
448, 59559.78831151954, 14157
449, 57158.83227554119, 14330
450, 52945.62317615835, 13953
451, 57658.858439567965, 14182
452, 53545.977622396495, 13733
453, 54207.566689182364, 14054
454, 53426.31878551014, 13651
455, 55403.298258827905, 13791
456, 51466.44467980017, 13930
457, 57993.2053635826, 14647
458, 52169.56670086407, 14025
459, 54415.30124509771, 14115
460, 56506.287361175084, 14394
461, 62407.065411959265, 14641
462, 50003.09816915425, 13844
463, 53949.52227779421, 14167
464, 62197.587133946356, 15312
465, 55349.4720946429, 14842
466, 51517.75637917108, 13647
467, 54262.76741299155, 14207
468, 54413.15516830622, 14048
469, 65795.312256647, 15702
470, 56374.40645886071, 14467
471, 55880.34602837597, 14189
472, 59768.22300092249, 15349
473, 57768.830002252835, 14754
474, 56562.67923438653, 14552
475, 54701.49530359092, 14475
476, 58029.54923529017, 14754
477, 55122.74622814845, 14787
478, 57485.89881091047, 14756
479, 55449.69201829526, 14995
480, 60093.91521445592, 15304
481, 56527.873818150765, 14207
482, 57601.44257182065, 14441
483, 55428.17354779725, 14957
484, 59027.324544712035, 15030
485, 59206.24717375527, 14947
486, 54970.07921070638, 15043
487, 62048.97658520951, 15341
488, 61105.4088611049, 15320
489, 60476.85645976623, 15490
490, 57713.405961908735, 15026
491, 62720.25411054275, 15498
492, 57928.01466984657, 15061
493, 62614.2677078411, 15602
494, 58692.624533272065, 14912
495, 55752.220801923766, 14959
496, 61990.25548601346, 15387
497, 60031.2630121804, 15325
498, 60988.31432968025, 15466
499, 57154.849099617284, 15325
500, 61654.836675828956, 15609
501, 60011.31611449257, 16086
502, 63287.7957044506, 15779
503, 58968.518146547634, 14978
504, 60804.93025041842, 15832
505, 63797.52247951265, 15618
506, 61661.20321663443, 15993
507, 61952.72243587253, 15505
508, 61981.39449942937, 16126
509, 63264.90721352741, 16047
510, 67315.3028594657, 16374
511, 63472.21080068194, 16080
512, 58990.11500498392, 15329
513, 56726.26276345403, 15365
514, 65399.04924764983, 16156
515, 63757.7720971114, 16421
516, 62381.76231880021, 16039
517, 70418.6720399022, 16424
518, 60243.592656671724, 15238
519, 63958.33982393437, 15821
520, 58824.62274971335, 15761
521, 58841.29449709969, 15569
522, 66083.2905873836, 16617
523, 59110.28776984639, 15779
524, 65922.42451518863, 16098
525, 61603.23525567014, 16177
526, 61583.527534082576, 15853
527, 64218.06848866912, 16882
528, 63895.050254540394, 16756
529, 62735.16361596037, 16223
530, 61506.55261070222, 16339
531, 62956.84657854465, 16469
532, 63181.07341170174, 16517
533, 65149.687032220354, 16770
534, 59685.28281623769, 16322
535, 63247.144627185495, 16328
536, 63502.350165334115, 16009
537, 64682.866614002916, 16959
538, 67439.32923072194, 17227
539, 63875.03548007889, 16718
540, 65137.60749801096, 16833
541, 64753.05148361365, 16222
542, 68346.43292777518, 17517
543, 64862.409642498664, 16826
544, 65702.3510769378, 16739
545, 67406.20253323323, 17257
546, 64927.50214630438, 16945
547, 67869.98174593737, 17759
548, 68393.18355157, 17255
549, 62197.653466159725, 16617
550, 63752.64291503192, 17124
551, 60926.05977675218, 16672
552, 62562.58722991927, 16613
553, 65837.71094219819, 16734
554, 68963.14930652596, 17451
555, 62003.88692148472, 16758
556, 65408.242989729755, 17233
557, 65655.54350146015, 17002
558, 67827.47309077777, 17049
559, 69050.02300711055, 17654
560, 67562.30865556178, 17148
561, 68891.47589708194, 17850
562, 65026.27152971191, 17194
563, 68705.86962989105, 17865
564, 64240.27356707576, 17269
565, 68618.44996148518, 17350
566, 65374.24757246898, 17176
567, 65695.53571122976, 17592
568, 67774.27952642874, 17298
569, 68062.85894130566, 17857
570, 66308.58094232138, 17641
571, 66436.40803444869, 17682
572, 66656.95908106606, 17505
573, 65617.76518353142, 17622
574, 68591.75227132713, 18196
575, 65941.77103043644, 17561
576, 67180.72831365389, 18201
577, 70468.96159527184, 18479
578, 67526.08495923634, 17944
579, 68396.21798660442, 18124
580, 68355.5789170253, 18203
581, 67855.14592496253, 18004
582, 65058.14261217758, 17643
583, 67211.62462787236, 18347
584, 69252.46712440133, 18194
585, 68695.91831727719, 18005
586, 66469.10569321121, 17684
587, 64887.81191329918, 17907
588, 66911.43709653837, 17951
589, 66577.73813860514, 17830
590, 68240.16865011655, 18028
591, 69395.26791111566, 18451
592, 69118.53629560591, 18395
593, 69103.20766756072, 18264
594, 66370.36042816738, 17774
595, 70661.36204765069, 18769
596, 66898.08800360747, 18019
597, 64919.32238318413, 18089
598, 69074.46794613657, 18933
599, 69873.79149556678, 18566
0, 0, 0
1, 193.79468169222196, 50
2, 479.23199111771714, 100
3, 683.6945748094743, 150
4, 964.1533022118149, 200
5, 1303.3203820380722, 250
6, 1742.7735970820547, 300
7, 2092.8266627187545, 350
8, 1939.1170836316383, 400
9, 2303.0049888399426, 450
10, 2807.1960525513173, 500
11, 3297.93585351074, 550
12, 3938.046851719806, 600
13, 4322.277551754418, 650
14, 4837.466039719202, 700
15, 5229.219055749784, 750
16, 5202.100220247094, 800
17, 5936.742573223127, 850
18, 8324.51776956513, 900
19, 7799.600468446028, 950
20, 7425.252557737204, 1000
21, 9149.665587046959, 1050
22, 9098.839778049662, 1100
23, 9632.31502899604, 1150
24, 10986.873539605695, 1200
25, 11505.408483638023, 1250
26, 11687.06472645846, 1300
27, 12615.272529879574, 1350
28, 13463.16196395331, 1400
29, 14361.45593577274, 1450
30, 16019.524600045836, 1500
31, 15741.936521425463, 1550
32, 14373.552269692447, 1600
33, 16851.295368602383, 1650
34, 17126.4788997071, 1700
35, 17948.694727661303, 1750
36, 19345.192797281063, 1800
37, 18746.260936750474, 1850
38, 19430.258344998627, 1900
39, 19006.632384318502, 1950
40, 23536.47429142264, 2000
41, 21590.316561670857, 2050
42, 21068.882480635897, 2100
43, 23584.87422089529, 2150
44, 22998.501330772862, 2200
45, 24244.163023161203, 2250
46, 23763.833169468766, 2300
47, 24973.331452618175, 2350
48, 24314.177011638985, 2400
49, 28112.323182045115, 2450
50, 25032.6992085828, 2500
51, 29476.049659746965, 2550
52, 29157.58054577947, 2600
53, 28654.330500835327, 2650
54, 29390.597016883523, 2700
55, 31449.546979840718, 2750
56, 31041.912194439952, 2800
57, 31704.67713299864, 2850
58, 35668.35016843774, 2900
59, 33186.52673042798, 2950
60, 32752.525535745088, 3000
61, 35585.24513745678, 3050
62, 34346.5799582183, 3100
63, 38161.15662592303, 3150
64, 36281.02501443167, 3200
65, 39618.074298486885, 3250
66, 36741.495426629976, 3300
67, 38293.03866330491, 3350
68, 36690.9481090253, 3400
69, 38816.49929020784, 3450
70, 38712.94749023301, 3500
71, 43970.12913823038, 3550
72, 43649.26896450953, 3600
73, 44149.26041753874, 3650
74, 42348.063949144, 3700
75, 45489.528993293796, 3750
76, 46764.32625377613, 3800
77, 44361.75144123874, 3850
78, 48084.187743209506, 3900
79, 48328.21941663973, 3950
80, 46695.34325830295, 4000
81, 49003.33360974212, 4050
82, 45561.00324854983, 4100
83, 48792.21396410591, 4150
84, 52333.79594505011, 4200
85, 52163.36512624859, 4250
86, 52196.15507557504, 4300
87, 51626.50074055845, 4350
88, 53447.61604609313, 4400
89, 55427.954631684835, 4450
90, 55504.51982022135, 4500
91, 54898.93947355309, 4550
92, 55691.7590862271, 4600
93, 55043.68542549595, 4650
94, 58779.431822914834, 4700
95, 56879.43554035458, 4750
96, 60441.404707594, 4800
97, 59293.88497654804, 4850
98, 60853.93773398156, 4900
99, 58787.08387508328, 4950
100, 62901.793673124004, 5000
101, 60603.25598402466, 5050
102, 66623.96306994502, 5100
103, 64181.71354752654, 5150
104, 66028.24516498788, 5200
105, 63215.46550984563, 5250
106, 67228.37635419377, 5300
107, 64715.17562943365, 5350
108, 66884.94626863232, 5400
109, 68406.97405546933, 5450
110, 71513.77888077829, 5500
111, 68743.70973942665, 5550
112, 67541.3022643905, 5600
113, 69614.03728137705, 5650
114, 75085.98095608922, 5700
115, 73095.92857889703, 5750
116, 76123.38649397227, 5800
117, 69506.44092332634, 5850
118, 74924.98263619732, 5900
119, 78947.95196436497, 5950
120, 80669.78777388569, 6000
121, 77638.36059085513, 6050
122, 77424.90316183302, 6100
123, 75662.72172838092, 6150
124, 77224.41388675205, 6200
125, 81981.4520518899, 6250
126, 83099.98302882453, 6300
127, 81099.75912234443, 6350
128, 80458.67270992494, 6400
129, 82507.84555416196, 6450
130, 85626.0830013062, 6500
131, 81545.15789868834, 6550
132, 92437.76274179609, 6600
133, 83625.94515015464, 6650
134, 89120.74463652035, 6700
135, 85702.69828457091, 6750
136, 85811.70849230916, 6800
137, 88616.43495268373, 6850
138, 86640.20251338372, 6900
139, 90797.13488289103, 6950
140, 90935.88794717797, 7000
141, 90109.23469284023, 7050
142, 94659.23074301543, 7100
143, 97925.26891470763, 7150
144, 89032.32527625353, 7200
145, 91870.27360939329, 7250
146, 94394.81110200571, 7300
147, 94745.00024733887, 7350
148, 99916.9702029155, 7400
149, 95902.38109481572, 7450
150, 95423.27754118199, 7500
151, 98586.44861188537, 7550
152, 99154.13144596096, 7600
153, 97133.04753858865, 7650
154, 99711.32749862963, 7700
155, 101150.09929199846, 7750
156, 101911.45836054593, 7800
157, 104316.93482111086, 7850
158, 104268.50880846595, 7900
159, 105543.0935325696, 7950
160, 101782.31661077116, 8000
161, 107536.62023866699, 8050
162, 104876.82498278294, 8100
163, 113977.6208803193, 8150
164, 102413.37772721304, 8200
165, 113058.10168927346, 8250
166, 110173.22180825341, 8300
167, 108752.05660883305, 8350
168, 110166.04544623535, 8400
169, 113283.06465539926, 8450
170, 109913.46257485513, 8500
171, 117485.71396280597, 8550
172, 115929.2662140104, 8600
173, 111362.17499056355, 8650
174, 114153.36521090206, 8700
175, 114829.38345565906, 8750
176, 119195.45301680334, 8800
177, 119193.7950350517, 8850
178, 111661.7172281995, 8900
179, 122705.94121254093, 8950
180, 116329.8263680544, 9000
181, 125193.28788332356, 9050
182, 119580.5285414638, 9100
183, 123397.92326051314, 9150
184, 113950.69600284606, 9200
185, 126770.83769657441, 9250
186, 129133.01900243344, 9300
187, 120950.38810429513, 9350
188, 125882.01232449153, 9400
189, 128909.39934205794, 9450
190, 126851.33037753431, 9500
191, 131232.42302275557, 9550
192, 125613.81712906052, 9600
193, 130431.08383305791, 9650
194, 130345.92135141834, 9700
195, 130362.55717663276, 9750
196, 132442.81014705848, 9800
197, 130507.6886204408, 9850
198, 133036.78611067784, 9900
199, 133905.8577215225, 9950
200, 134252.00176971342, 10000
201, 131374.94417213407, 10050
202, 134748.56249640833, 10100
203, 132366.22229222706, 10150
204, 135350.6343944947, 10200
205, 135231.23368328693, 10250
206, 136478.74836015297, 10300
207, 139727.91228922587, 10350
208, 143106.52095511774, 10400
209, 137016.48076286932, 10450
210, 135047.89078996566, 10500
211, 141563.3604492698, 10550
212, 139223.41713328828, 10600
213, 135937.23652002812, 10650
214, 142455.49791148596, 10700
215, 140021.34112174253, 10750
216, 147054.33388125835, 10800
217, 149753.2986842309, 10850
218, 139666.13710239486, 10900
219, 141788.4049176419, 10950
220, 147043.53166913445, 11000
221, 150553.92125638732, 11050
222, 142486.29058461223, 11100
223, 145066.42639607916, 11150
224, 148922.14825050233, 11200
225, 146850.02370863679, 11250
226, 145965.67778213715, 11300
227, 146199.5313835051, 11350
228, 150141.97509659032, 11400
229, 148172.72793165277, 11450
230, 151138.01477022035, 11500
231, 149878.0649479101, 11550
232, 160892.04682565047, 11600
233, 158934.08379866593, 11650
234, 156860.17861632793, 11700
235, 155614.7379728848, 11750
236, 153769.99577402498, 11800
237, 156792.00430075979, 11850
238, 159423.348341835, 11900
239, 159947.99302113664, 11950
240, 159104.771661348, 12000
241, 165590.69402412343, 12050
242, 155099.55986817382, 12100
243, 161525.32515552302, 12150
244, 160838.7605430026, 12200
245, 168977.14255523088, 12250
246, 161223.98695934218, 12300
247, 168558.6821503533, 12350
248, 157423.34035381884, 12400
249, 159296.97244157916, 12450
250, 160415.1312690309, 12500
251, 163415.466512081, 12550
252, 169397.83751459894, 12600
253, 165967.38264672758, 12650
254, 168792.5591222579, 12700
255, 183234.094056641, 12750
256, 167413.38594354063, 12800
257, 171426.48369421315, 12850
258, 170396.90783601764, 12900
259, 172421.58720442656, 12950
260, 178575.4082031871, 13000
261, 176599.28962373282, 13050
262, 176036.5954376348, 13100
263, 180778.41616129334, 13150
264, 180748.26861166043, 13200
265, 173916.82588863815, 13250
266, 174329.28155156685, 13300
267, 179072.6507970414, 13350
268, 175838.3361868469, 13400
269, 182029.95757284807, 13450
270, 177930.67571870537, 13500
271, 176224.28746618252, 13550
272, 184412.54149843115, 13600
273, 180499.06240115466, 13650
274, 188245.52409056894, 13700
275, 183373.74273814427, 13750
276, 185766.3601893449, 13800
277, 172647.5619199696, 13850
278, 179660.86873140163, 13900
279, 192491.80961580973, 13950
280, 185805.12208928933, 14000
281, 189602.8562589, 14050
282, 189908.93794048118, 14100
283, 186753.52023208825, 14150
284, 190744.4851687794, 14200
285, 188587.46230737842, 14250
286, 194130.8734758943, 14300
287, 186275.25669685483, 14350
288, 195688.3159884964, 14400
289, 192900.5268016379, 14450
290, 194127.39899443998, 14500
291, 191432.24356462687, 14550
292, 191753.4348307768, 14600
293, 194764.10299304282, 14650
294, 194272.12287134625, 14700
295, 196692.5477232644, 14750
296, 197358.87116032207, 14800
297, 193214.59595359807, 14850
298, 199543.76520455864, 14900
299, 195440.18489667817, 14950
300, 196102.67703792898, 15000
301, 191048.92087695474, 15050
302, 199975.07230059523, 15100
303, 208053.65059030853, 15150
304, 200942.04552617052, 15200
305, 196137.3460717337, 15250
306, 194125.96399010048, 15300
307, 206459.0406566734, 15350
308, 212041.3930832077, 15400
309, 203523.65237218185, 15450
310, 202768.45263248394, 15500
311, 205715.14899905695, 15550
312, 210355.05540330076, 15600
313, 212840.51768603097, 15650
314, 210496.03451682278, 15700
315, 207889.30139595136, 15750
316, 209596.2079128006, 15800
317, 211835.4170553423, 15850
318, 207595.0439694259, 15900
319, 210265.78775158804, 15950
320, 212339.37140718734, 16000
321, 213951.6839436421, 16050
322, 207424.62869406334, 16100
323, 216086.7787751686, 16150
324, 219552.93595638167, 16200
325, 217770.5912090048, 16250
326, 218304.25253541992, 16300
327, 214342.18562712823, 16350
328, 220018.5315881841, 16400
329, 210977.512622374, 16450
330, 221165.6812902124, 16500
331, 228528.07852846434, 16550
332, 223403.51914358375, 16600
333, 212117.29469477, 16650
334, 221126.00532490714, 16700
335, 228602.0006720008, 16750
336, 227091.9838502256, 16800
337, 218419.95369636928, 16850
338, 228360.5291177037, 16900
339, 226189.89689914073, 16950
340, 223191.38078520057, 17000
341, 223599.7405750219, 17050
342, 226711.21751276634, 17100
343, 227797.33779717155, 17150
344, 230032.72763674532, 17200
345, 233099.14907577867, 17250
346, 224232.2182530519, 17300
347, 231897.46527467476, 17350
348, 227997.05987690747, 17400
349, 234434.38125570136, 17450
350, 230361.8586227604, 17500
351, 239331.07877961692, 17550
352, 238350.94117656525, 17600
353, 230489.11709568853, 17650
354, 235439.61978492784, 17700
355, 238452.5895324677, 17750
356, 235634.79318523544, 17800
357, 231441.96603606734, 17850
358, 239938.58658560633, 17900
359, 240403.65352110777, 17950
360, 234563.38891231548, 18000
361, 245954.82654748895, 18050
362, 231172.8918883101, 18100
363, 240486.45613383572, 18150
364, 238756.48195827904, 18200
365, 248501.0745800615, 18250
366, 244535.77509217075, 18300
367, 241863.48161610012, 18350
368, 249509.41285464252, 18400
369, 244753.97948999124, 18450
370, 247184.62782345185, 18500
371, 246836.072060434, 18550
372, 237343.47914805182, 18600
373, 245582.27352882802, 18650
374, 250105.63721930992, 18700
375, 250023.49776512582, 18750
376, 245145.91542710367, 18800
377, 249691.1011840862, 18850
378, 251850.16699465754, 18900
379, 246959.46616710545, 18950
380, 248483.7669924546, 19000
381, 259455.0880095619, 19050
382, 251072.3578229231, 19100
383, 257254.5229512224, 19150
384, 257067.2841461291, 19200
385, 246318.50896157848, 19250
386, 253922.7256785159, 19300
387, 263690.5363684348, 19350
388, 248297.47196872125, 19400
389, 260634.4830314, 19450
390, 248574.39429092256, 19500
391, 258153.42593365398, 19550
392, 262229.541603967, 19600
393, 263010.37851801974, 19650
394, 258135.86060194304, 19700
395, 264083.74420652265, 19750
396, 253082.18325699712, 19800
397, 263791.03876370937, 19850
398, 260636.60859265746, 19900
399, 262673.9226922666, 19950
400, 270417.991885911, 20000
401, 269133.2653215839, 20050
402, 266270.7792596347, 20100
403, 271363.27599677985, 20150
404, 262840.86358752486, 20200
405, 272064.5238158327, 20250
406, 269535.35239027673, 20300
407, 270730.61153750983, 20350
408, 266759.2122407594, 20400
409, 268127.03494055336, 20450
410, 269419.08749501634, 20500
411, 274617.0486067509, 20550
412, 277379.4353979368, 20600
413, 263697.2823155169, 20650
414, 269510.5499785978, 20700
415, 284965.7985909164, 20750
416, 282149.1605521468, 20800
417, 279865.03213812085, 20850
418, 274162.81539524795, 20900
419, 284084.46556816174, 20950
420, 285235.8505061442, 21000
421, 281042.61865977204, 21050
422, 276058.24520426313, 21100
423, 285085.3036974776, 21150
424, 279754.42694439023, 21200
425, 290434.1023611283, 21250
426, 288128.540581098, 21300
427, 283665.01342429995, 21350
428, 282920.1421602164, 21400
429, 293964.51905989915, 21450
430, 293871.459944844, 21500
431, 286754.40558865387, 21550
432, 288190.2007344761, 21600
433, 279839.8095699835, 21650
434, 288082.6779959161, 21700
435, 292336.7622824024, 21750
436, 285413.6629374829, 21800
437, 303049.61295774305, 21850
438, 294520.9084286037, 21900
439, 294704.2897552434, 21950
440, 283487.4273460436, 22000
441, 296707.5967910246, 22050
442, 292768.0904857812, 22100
443, 292203.229813987, 22150
444, 298400.7180124048, 22200
445, 298017.55147567723, 22250
446, 296922.1831565705, 22300
447, 300815.5288998881, 22350
448, 283644.21274166973, 22400
449, 295137.6842583203, 22450
450, 290846.21342843573, 22500
451, 296057.8552452542, 22550
452, 299267.7431622677, 22600
453, 296183.48730802047, 22650
454, 308632.19924127415, 22700
455, 300354.9155162368, 22750
456, 303195.52881459106, 22800
457, 299801.8936394506, 22850
458, 309611.04510632664, 22900
459, 299882.8813451728, 22950
460, 303877.60073461576, 23000
461, 306987.10139111604, 23050
462, 311806.42275352275, 23100
463, 313897.02818656503, 23150
464, 299948.71617505566, 23200
465, 299771.29121011344, 23250
466, 301022.48663822317, 23300
467, 303095.5057062318, 23350
468, 315526.0570157404, 23400
469, 301177.3281800478, 23450
470, 319283.3193491823, 23500
471, 313765.50430447195, 23550
472, 318296.50335483917, 23600
473, 319244.8531535175, 23650
474, 311830.3068887432, 23700
475, 315092.29871132976, 23750
476, 322678.8817684373, 23800
477, 319886.26760254387, 23850
478, 310575.759567009, 23900
479, 315151.3210633255, 23950
480, 315241.22723410756, 24000
481, 320318.2739540374, 24050
482, 322869.43180038064, 24100
483, 327070.3434266241, 24150
484, 316579.9770643667, 24200
485, 317605.0075372681, 24250
486, 314712.18978217035, 24300
487, 320624.8547762341, 24350
488, 330461.665477125, 24400
489, 322822.1813545731, 24450
490, 320872.3282904975, 24500
491, 330027.23231226474, 24550
492, 320513.13105926034, 24600
493, 322888.67234509095, 24650
494, 323301.7498361325, 24700
495, 331619.9447016619, 24750
496, 322046.7007473031, 24800
497, 335914.7627764293, 24850
498, 331637.28841633536, 24900
499, 323650.5409898771, 24950
500, 327849.63112223515, 25000
501, 337626.5769438144, 25050
502, 339541.57557899423, 25100
503, 329313.0080067685, 25150
504, 336345.1606228507, 25200
505, 326439.50425219553, 25250
506, 342410.2891403659, 25300
507, 329204.1783380495, 25350
508, 334139.556686379, 25400
509, 335683.9417505949, 25450
510, 341101.0198210337, 25500
511, 340843.7771833181, 25550
512, 340900.12940244493, 25600
513, 345705.126260416, 25650
514, 339941.3392950627, 25700
515, 337392.2280815092, 25750
516, 346135.17617678427, 25800
517, 348612.2040981006, 25850
518, 341437.979254625, 25900
519, 347708.9944279406, 25950
520, 352799.49289273313, 26000
521, 341572.3874551291, 26050
522, 352042.3912212698, 26100
523, 349385.71904808027, 26150
524, 341846.7299860398, 26200
525, 341307.5294372053, 26250
526, 349988.94304174004, 26300
527, 355391.1979516867, 26350
528, 344490.0335101113, 26400
529, 342091.817255623, 26450
530, 348502.9080865337, 26500
531, 345220.0737270156, 26550
532, 343157.19570543023, 26600
533, 372987.7566322447, 26650
534, 347408.70782800496, 26700
535, 351354.90118872526, 26750
536, 356125.69969520177, 26800
537, 354974.21885984065, 26850
538, 360747.8191665019, 26900
539, 357851.3751146751, 26950
540, 356410.2851570438, 27000
541, 364562.9823668522, 27050
542, 365886.8490031986, 27100
543, 359508.31471954286, 27150
544, 365396.8961471801, 27200
545, 346191.9089908561, 27250
546, 367582.87152471323, 27300
547, 360488.087802929, 27350
548, 373836.2459304656, 27400
549, 365468.74915813643, 27450
550, 368058.9194261669, 27500
551, 377477.4514416581, 27550
552, 378337.8883805947, 27600
553, 367610.11030106497, 27650
554, 357369.55625532643, 27700
555, 372453.9352126007, 27750
556, 358236.3433731515, 27800
557, 369460.45888886927, 27850
558, 365128.549405365, 27900
559, 374452.91130547697, 27950
560, 373111.9150866869, 28000
561, 369586.81962442567, 28050
562, 375370.64023893303, 28100
563, 369879.2826117856, 28150
564, 367020.98255710944, 28200
565, 378152.8679024719, 28250
566, 377299.91802545043, 28300
567, 383552.6851643143, 28350
568, 378585.2942233063, 28400
569, 371603.47476484464, 28450
570, 368423.60360141576, 28500
571, 388102.22248397407, 28550
572, 372745.4376736408, 28600
573, 375218.8730193884, 28650
574, 384611.8064117887, 28700
575, 389132.61799478077, 28750
576, 393745.3336652467, 28800
577, 388383.11396028503, 28850
578, 380907.1819034784, 28900
579, 385219.3378189356, 28950
580, 385816.8178467371, 29000
581, 381345.32236733614, 29050
582, 378471.6292042445, 29100
583, 383608.63926403504, 29150
584, 384656.2403145585, 29200
585, 401220.13567142375, 29250
586, 388909.2359335666, 29300
587, 395992.24479826365, 29350
588, 388556.9672862773, 29400
589, 396001.95284006366, 29450
590, 394775.6921526424, 29500
591, 388944.2861566481, 29550
592, 384453.6089293446, 29600
593, 389753.6072894548, 29650
594, 392789.0972506791, 29700
595, 391460.8509098039, 29750
596, 395823.46656320716, 29800
597, 389088.21905976126, 29850
598, 397566.6376625203, 29900
599, 404817.66427807196, 29950
